2014/05/22 15:31:07.0794,0,0
2014/05/22 15:31:08.0794,0,0
2014/05/22 15:31:09.0795,0,0
2014/05/22 15:31:10.0795,0,0
2014/05/22 15:31:11.0795,0,0
2014/05/22 15:31:12.0795,0,0
2014/05/22 15:31:13.0796,0,0
2014/05/22 15:31:14.0796,0,0
2014/05/22 15:31:15.0796,0,0
2014/05/22 15:31:16.0797,0,0
2014/05/22 15:31:17.0797,0,0
2014/05/22 15:31:18.0797,0,0
2014/05/22 15:31:19.0797,0,0
2014/05/22 15:31:20.0798,0,0
2014/05/22 15:31:21.0798,0,0
2014/05/22 15:31:22.0798,0,0
2014/05/22 15:31:23.0799,0,0
2014/05/22 15:31:24.0799,0,0
2014/05/22 15:31:25.0799,0,0
2014/05/22 15:31:26.0800,0,0
2014/05/22 15:31:27.0800,0,0
2014/05/22 15:31:28.0800,0,0
2014/05/22 15:31:29.0800,0,0
2014/05/22 15:31:30.0801,0,0
2014/05/22 15:31:31.0801,0,0
2014/05/22 15:31:32.0801,0,0
2014/05/22 15:31:33.0801,0,0
2014/05/22 15:31:34.0802,0,0
2014/05/22 15:31:35.0802,0,0
2014/05/22 15:31:36.0802,0,0
2014/05/22 15:31:37.0802,0,0
2014/05/22 15:31:38.0803,0,0
2014/05/22 15:31:39.0803,0,0
2014/05/22 15:31:40.0803,0,0
2014/05/22 15:31:41.0804,0,0
2014/05/22 15:31:42.0804,0,0
2014/05/22 15:31:43.0804,0,0
2014/05/22 15:31:44.0805,0,0
2014/05/22 15:31:45.0805,0,0
2014/05/22 15:31:46.0805,0,0
2014/05/22 15:31:47.0806,0,0
2014/05/22 15:31:48.0806,0,0
2014/05/22 15:31:49.0806,0,0
2014/05/22 15:31:50.0807,0,0
2014/05/22 15:31:51.0807,0,0
2014/05/22 15:31:52.0807,0,0
2014/05/22 15:31:53.0807,0,0
2014/05/22 15:31:54.0808,0,0
2014/05/22 15:31:55.0808,0,0
2014/05/22 15:31:56.0808,0,0
2014/05/22 15:31:57.0809,0,0
2014/05/22 15:31:58.0809,0,0
2014/05/22 15:31:59.0809,0,0
2014/05/22 15:32:00.0810,0,0
2014/05/22 15:32:01.0810,0,0
2014/05/22 15:32:02.0810,0,0
2014/05/22 15:32:03.0810,0,0
2014/05/22 15:32:04.0811,0,0
2014/05/22 15:32:05.0811,0,0
2014/05/22 15:32:06.0811,0,0
2014/05/22 15:32:07.0811,0,0
2014/05/22 15:32:08.0812,0,0
2014/05/22 15:32:09.0812,0,0
2014/05/22 15:32:10.0812,0,0
2014/05/22 15:32:11.0813,0,0
2014/05/22 15:32:12.0813,0,0
2014/05/22 15:32:13.0813,0,0
2014/05/22 15:32:14.0814,0,0
2014/05/22 15:32:15.0814,0,0
2014/05/22 15:32:16.0814,0,0
2014/05/22 15:32:17.0815,0,0
2014/05/22 15:32:18.0815,0,0
2014/05/22 15:32:19.0815,0,0
2014/05/22 15:32:20.0816,0,0
2014/05/22 15:32:21.0816,0,0
2014/05/22 15:32:22.0816,0,0
2014/05/22 15:32:23.0816,0,0
2014/05/22 15:32:24.0817,0,0
2014/05/22 15:32:25.0817,0,0
2014/05/22 15:32:26.0818,0,0
2014/05/22 15:32:27.0818,0,0
2014/05/22 15:32:28.0818,0,0
2014/05/22 15:32:29.0818,0,0
2014/05/22 15:32:30.0819,0,0
2014/05/22 15:32:31.0819,0,0
2014/05/22 15:32:32.0819,0,0
2014/05/22 15:32:33.0820,0,0
2014/05/22 15:32:34.0820,0,0
2014/05/22 15:32:35.0820,0,0
2014/05/22 15:32:36.0821,0,0
2014/05/22 15:32:37.0821,0,0
2014/05/22 15:32:38.0821,0,0
2014/05/22 15:32:39.0822,0,0
2014/05/22 15:32:40.0822,0,0
2014/05/22 15:32:41.0822,0,0
2014/05/22 15:32:42.0823,0,0
2014/05/22 15:32:43.0823,0,0
2014/05/22 15:32:44.0823,0,0
2014/05/22 15:32:45.0824,0,0
2014/05/22 15:32:46.0824,0,0
2014/05/22 15:32:47.0824,0,0
2014/05/22 15:32:48.0824,0,0
2014/05/22 15:32:49.0825,0,0
2014/05/22 15:32:50.0825,0,0
2014/05/22 15:32:51.0825,0,0
2014/05/22 15:32:52.0826,0,0
2014/05/22 15:32:53.0826,0,0
2014/05/22 15:32:54.0826,0,0
2014/05/22 15:32:55.0826,0,0
2014/05/22 15:32:56.0827,0,0
2014/05/22 15:32:57.0827,0,0
2014/05/22 15:32:58.0827,0,0
2014/05/22 15:32:59.0828,0,0
2014/05/22 15:33:00.0828,0,0
2014/05/22 15:33:01.0828,0,0
2014/05/22 15:33:02.0829,0,0
2014/05/22 15:33:03.0829,0,0
2014/05/22 15:33:04.0829,0,0
2014/05/22 15:33:05.0829,0,0
2014/05/22 15:33:06.0830,0,0
2014/05/22 15:33:07.0830,0,0
2014/05/22 15:33:08.0830,0,0
2014/05/22 15:33:09.0831,0,0
2014/05/22 15:33:10.0831,0,0
2014/05/22 15:33:11.0831,0,0
2014/05/22 15:33:12.0832,0,0
2014/05/22 15:33:13.0832,0,0
2014/05/22 15:33:14.0832,0,0
2014/05/22 15:33:15.0832,0,0
2014/05/22 15:33:16.0833,0,0
2014/05/22 15:33:17.0833,0,0
2014/05/22 15:33:18.0833,0,0
2014/05/22 15:33:19.0833,0,0
2014/05/22 15:33:20.0834,0,0
2014/05/22 15:33:21.0834,0,0
2014/05/22 15:33:22.0834,0,0
2014/05/22 15:33:23.0835,0,0
2014/05/22 15:33:24.0835,0,0
2014/05/22 15:33:25.0835,0,0
2014/05/22 15:33:26.0836,0,0
2014/05/22 15:33:27.0836,0,0
2014/05/22 15:33:28.0836,0,0
2014/05/22 15:33:29.0836,0,0
2014/05/22 15:33:30.0837,0,0
2014/05/22 15:33:31.0837,0,0
2014/05/22 15:33:32.0837,0,0
2014/05/22 15:33:33.0838,0,0
2014/05/22 15:33:34.0838,0,0
2014/05/22 15:33:35.0838,0,0
2014/05/22 15:33:36.0839,0,0
2014/05/22 15:33:37.0839,0,0
2014/05/22 15:33:38.0839,0,0
2014/05/22 15:33:39.0839,0,0
2014/05/22 15:33:40.0840,0,0
2014/05/22 15:33:41.0840,1,1
2014/05/22 15:33:42.0840,1,0
2014/05/22 15:33:43.0841,1,0
2014/05/22 15:33:44.0841,1,0
2014/05/22 15:33:45.0841,1,0
2014/05/22 15:33:46.0842,1,0
2014/05/22 15:33:47.0842,1,0
2014/05/22 15:35:19.0418,0,0
2014/05/22 15:35:20.0418,0,0
2014/05/22 15:35:21.0419,0,0
2014/05/22 15:35:22.0419,0,0
2014/05/22 15:35:23.0419,0,0
2014/05/22 15:35:24.0420,0,0
2014/05/22 15:35:25.0420,0,0
2014/05/22 15:35:26.0420,0,0
2014/05/22 15:35:27.0420,0,0
2014/05/22 15:35:28.0421,0,0
2014/05/22 15:35:29.0421,0,0
2014/05/22 15:35:30.0421,0,0
2014/05/22 15:35:31.0421,0,0
2014/05/22 15:35:32.0422,0,0
2014/05/22 15:35:33.0422,0,0
2014/05/22 15:35:34.0422,0,0
2014/05/22 15:35:35.0423,0,0
2014/05/22 15:35:36.0423,0,0
2014/05/22 15:35:37.0423,0,0
2014/05/22 15:35:38.0424,0,0
2014/05/22 15:35:39.0424,0,0
2014/05/22 15:35:40.0424,0,0
2014/05/22 15:35:41.0424,0,0
2014/05/22 15:35:42.0425,0,0
2014/05/22 15:35:43.0425,0,0
2014/05/22 15:35:44.0425,0,0
2014/05/22 15:35:45.0426,2,2
2014/05/22 15:35:46.0427,2,0
2014/05/22 15:35:47.0428,2,0
2014/05/22 15:37:03.0899,0,0
2014/05/22 15:37:04.0899,2,2
2014/05/22 15:37:05.0899,2,0
2014/05/22 15:37:06.0900,2,0
2014/05/22 15:37:07.0900,2,0
2014/05/22 15:37:08.0900,2,0
2014/05/22 15:37:09.0901,2,0
2014/05/22 15:37:10.0901,2,0
2014/05/22 15:37:11.0902,2,0
2014/05/22 15:37:12.0902,2,0
2014/05/22 15:37:49.0880,0,0
2014/05/22 15:37:50.0881,2,2
2014/05/22 15:37:51.0881,2,0
2014/05/22 15:38:22.0998,0,0
2014/05/22 15:38:23.0998,2,2
2014/05/22 15:38:24.0999,2,0
2014/05/22 15:39:21.0967,0,0
2014/05/22 15:39:22.0967,2,2
2014/05/22 15:39:23.0967,2,0
2014/05/22 15:39:24.0967,2,0
2014/05/22 15:39:25.0968,2,0
2014/05/22 15:39:55.0408,0,0
2014/05/22 15:39:56.0408,0,0
2014/05/22 15:39:57.0408,2,2
2014/05/22 15:39:58.0409,2,0
2014/05/22 15:40:31.0253,0,0
2014/05/22 15:40:32.0253,0,0
2014/05/22 15:40:33.0254,2,2
2014/05/22 15:40:34.0255,2,0
2014/05/22 15:40:35.0255,2,0
2014/05/22 15:40:36.0256,2,0
2014/05/22 15:40:37.0256,2,0
2014/05/22 15:41:56.0576,0,0
2014/05/22 15:41:57.0576,2,2
2014/05/22 15:41:58.0576,4,2
2014/05/22 15:41:59.0577,6,2
2014/05/22 15:42:00.0577,8,2
2014/05/22 15:42:01.0577,12,4
2014/05/22 15:42:02.0577,15,3
2014/05/22 15:42:03.0578,15,0
2014/05/22 15:42:36.0813,0,0
2014/05/22 15:42:37.0813,2,2
2014/05/22 15:42:38.0814,4,2
2014/05/22 15:42:39.0814,6,2
2014/05/22 15:42:40.0814,8,2
2014/05/22 15:42:41.0815,10,2
2014/05/22 15:42:42.0815,13,3
2014/05/22 15:42:43.0815,13,0
2014/05/22 15:42:44.0816,13,0
2014/05/22 15:42:45.0816,13,0
2014/05/22 15:42:46.0816,13,0
2014/05/22 15:42:47.0816,13,0
2014/05/22 15:42:48.0817,13,0
2014/05/22 15:42:49.0817,13,0
2014/05/22 15:42:50.0817,13,0
2014/05/22 15:42:51.0817,13,0
2014/05/22 15:42:52.0818,13,0
2014/05/22 15:42:53.0818,13,0
2014/05/22 15:42:54.0818,13,0
2014/05/22 15:42:55.0818,13,0
2014/05/22 15:42:56.0818,13,0
2014/05/22 15:42:57.0819,13,0
2014/05/22 15:42:58.0819,13,0
2014/05/22 15:42:59.0819,13,0
2014/05/22 15:43:00.0819,13,0
2014/05/22 15:43:01.0820,13,0
2014/05/22 15:43:02.0820,13,0
2014/05/22 15:43:03.0820,13,0
2014/05/22 15:43:04.0821,13,0
2014/05/22 15:43:05.0821,13,0
2014/05/22 15:43:06.0822,13,0
2014/05/22 15:43:07.0822,13,0
2014/05/22 15:43:08.0822,13,0
2014/05/22 15:43:09.0823,13,0
2014/05/22 15:43:10.0823,13,0
2014/05/22 15:43:11.0823,13,0
2014/05/22 15:43:12.0824,13,0
2014/05/22 15:43:13.0824,13,0
2014/05/22 15:43:14.0824,13,0
2014/05/22 15:43:15.0825,13,0
2014/05/22 15:43:16.0825,13,0
2014/05/22 15:43:17.0825,13,0
2014/05/22 15:43:18.0825,13,0
2014/05/22 15:43:19.0826,13,0
2014/05/22 15:43:20.0826,13,0
2014/05/22 15:43:21.0827,13,0
2014/05/22 15:43:22.0827,13,0
2014/05/22 15:43:23.0827,13,0
2014/05/22 15:43:24.0828,13,0
2014/05/22 15:43:25.0828,13,0
2014/05/22 15:43:26.0828,13,0
2014/05/22 15:43:27.0829,13,0
2014/05/22 15:43:28.0829,13,0
2014/05/22 15:43:29.0829,13,0
2014/05/22 15:43:30.0830,13,0
2014/05/22 15:43:31.0830,13,0
2014/05/22 15:43:32.0830,13,0
2014/05/22 15:43:33.0831,13,0
2014/05/22 15:43:34.0831,13,0
2014/05/22 15:43:35.0831,13,0
2014/05/22 15:43:36.0832,13,0
2014/05/22 15:43:37.0832,13,0
2014/05/22 15:43:38.0832,13,0
2014/05/22 15:43:39.0833,13,0
2014/05/22 15:43:40.0833,13,0
2014/05/22 15:43:41.0833,13,0
2014/05/22 15:43:42.0834,13,0
2014/05/22 15:43:43.0834,13,0
2014/05/22 15:43:44.0834,13,0
2014/05/22 15:43:45.0835,13,0
2014/05/22 15:43:46.0835,13,0
2014/05/22 15:43:47.0835,13,0
2014/05/22 15:43:48.0836,13,0
2014/05/22 15:43:49.0836,13,0
2014/05/22 15:43:50.0836,13,0
2014/05/22 15:43:51.0837,13,0
2014/05/22 15:43:52.0837,13,0
2014/05/22 15:43:53.0838,13,0
2014/05/22 15:43:54.0838,13,0
2014/05/22 15:43:55.0838,13,0
2014/05/22 15:43:56.0839,13,0
2014/05/22 15:43:57.0839,13,0
2014/05/22 15:43:58.0839,13,0
2014/05/22 15:43:59.0840,13,0
2014/05/22 15:44:00.0840,13,0
2014/05/22 15:44:01.0841,13,0
2014/05/22 15:44:02.0841,13,0
2014/05/22 15:44:03.0841,13,0
2014/05/22 15:44:04.0841,13,0
2014/05/22 15:44:05.0841,13,0
2014/05/22 15:44:06.0842,13,0
2014/05/22 15:44:07.0842,13,0
2014/05/22 15:44:08.0843,13,0
2014/05/22 15:44:09.0843,13,0
2014/05/22 15:44:10.0843,13,0
2014/05/22 15:44:11.0844,13,0
2014/05/22 15:44:12.0844,13,0
2014/05/22 15:44:13.0844,13,0
2014/05/22 15:44:14.0845,13,0
2014/05/22 15:44:15.0845,13,0
2014/05/22 15:44:16.0845,13,0
2014/05/22 15:44:17.0846,13,0
2014/05/22 15:44:18.0846,13,0
2014/05/22 15:44:19.0847,13,0
2014/05/22 15:44:20.0847,13,0
2014/05/22 15:44:21.0847,13,0
2014/05/22 15:44:22.0848,13,0
2014/05/22 15:44:23.0848,13,0
2014/05/22 15:44:24.0848,13,0
2014/05/22 15:44:25.0849,13,0
2014/05/22 15:44:26.0849,13,0
2014/05/22 15:45:19.0555,0,0
2014/05/22 15:45:20.0555,2,2
2014/05/22 15:45:21.0555,4,2
2014/05/22 15:45:22.0556,6,2
2014/05/22 15:45:23.0556,8,2
2014/05/22 15:45:24.0556,10,2
2014/05/22 15:45:25.0556,13,3
2014/05/22 15:45:26.0556,13,0
2014/05/22 15:45:27.0557,13,0
2014/05/22 15:45:28.0557,13,0
2014/05/22 15:45:29.0557,13,0
2014/05/22 15:45:30.0557,13,0
2014/05/22 15:45:31.0558,13,0
2014/05/22 15:45:32.0558,13,0
2014/05/22 15:45:33.0558,13,0
2014/05/22 15:45:34.0558,13,0
2014/05/22 15:45:35.0559,13,0
2014/05/22 15:45:36.0559,13,0
2014/05/22 15:45:37.0559,13,0
2014/05/22 15:45:38.0559,13,0
2014/05/22 15:45:39.0560,13,0
2014/05/22 15:45:40.0560,13,0
2014/05/22 15:45:41.0560,13,0
2014/05/22 15:45:42.0560,13,0
2014/05/22 15:45:43.0561,13,0
2014/05/22 15:45:44.0561,13,0
2014/05/22 15:46:21.0967,0,0
2014/05/22 15:46:22.0967,2,2
2014/05/22 15:46:23.0967,4,2
2014/05/22 15:46:24.0968,6,2
2014/05/22 15:46:25.0968,8,2
2014/05/22 15:46:26.0969,10,2
2014/05/22 15:46:27.0969,13,3
2014/05/22 15:50:01.0100,0,0
2014/05/22 15:50:02.0100,1,1
2014/05/22 15:50:03.0101,2,1
2014/05/22 15:50:21.0845,0,0
2014/05/22 15:50:22.0845,1,1
2014/05/22 15:50:23.0845,2,1
2014/05/22 15:50:24.0845,3,1
2014/05/22 15:55:16.0485,0,0
2014/05/22 15:55:17.0485,2,2
2014/05/22 15:55:18.0485,4,2
2014/05/22 15:55:19.0485,6,2
2014/05/22 15:55:20.0486,8,2
2014/05/22 15:55:21.0486,12,4
2014/05/22 15:55:22.0486,15,3
2014/05/22 15:55:23.0486,15,0
2014/05/22 15:55:24.0486,15,0
2014/05/22 15:55:25.0487,15,0
2014/05/22 15:55:26.0487,15,0
2014/05/22 15:55:27.0487,15,0
2014/05/22 15:55:28.0487,15,0
2014/05/22 15:55:29.0487,15,0
2014/05/22 15:55:30.0488,15,0
2014/05/22 15:55:31.0488,15,0
2014/05/22 15:55:32.0488,15,0
2014/05/22 15:55:33.0488,15,0
2014/05/22 15:55:34.0488,15,0
2014/05/22 15:55:35.0489,15,0
2014/05/22 15:55:36.0489,15,0
2014/05/22 15:55:37.0489,15,0
2014/05/22 15:55:38.0489,15,0
2014/05/22 15:55:39.0489,15,0
2014/05/22 15:55:40.0490,15,0
2014/05/22 15:55:41.0490,15,0
2014/05/22 15:55:42.0490,15,0
2014/05/22 15:55:43.0490,15,0
2014/05/22 15:55:44.0490,15,0
2014/05/22 15:55:45.0491,15,0
2014/05/22 15:55:46.0491,15,0
2014/05/22 15:55:47.0491,15,0
2014/05/22 15:55:48.0491,15,0
2014/05/22 15:57:04.0423,0,0
2014/05/22 15:57:05.0423,0,0
2014/05/22 15:57:06.0424,2,2
2014/05/22 15:57:07.0425,4,2
2014/05/22 15:57:08.0425,6,2
2014/05/22 15:57:09.0426,8,2
2014/05/22 15:57:10.0426,10,2
2014/05/22 15:57:11.0427,13,3
2014/05/22 15:58:18.0425,0,0
2014/05/22 15:58:19.0425,0,0
2014/05/22 15:58:20.0425,2,2
2014/05/22 15:58:21.0426,4,2
2014/05/22 15:58:35.0584,0,0
2014/05/22 15:58:36.0584,2,2
2014/05/22 15:58:37.0584,4,2
2014/05/22 15:58:38.0585,6,2
2014/05/22 15:58:39.0585,8,2
2014/05/22 15:58:40.0585,10,2
2014/05/22 15:58:41.0585,13,3
2014/05/22 15:58:42.0586,13,0
2014/05/22 15:58:43.0586,13,0
2014/05/22 15:58:44.0586,13,0
2014/05/22 15:58:45.0586,13,0
2014/05/22 15:59:57.0568,0,0
2014/05/22 15:59:58.0569,0,0
2014/05/22 15:59:59.0569,2,2
2014/05/22 16:00:00.0570,4,2
2014/05/22 16:00:01.0571,6,2
2014/05/22 16:00:02.0572,8,2
2014/05/22 16:00:03.0573,10,2
2014/05/22 16:00:44.0552,0,0
2014/05/22 16:00:45.0552,0,0
2014/05/22 16:00:46.0553,2,2
2014/05/22 16:00:47.0554,2,0
2014/05/22 16:02:31.0050,0,0
2014/05/22 16:02:32.0050,2,2
2014/05/22 16:02:33.0051,2,0
2014/05/22 16:05:27.0690,0,0
2014/05/22 16:05:28.0690,2,2
2014/05/22 16:05:29.0690,2,0
2014/05/22 16:05:30.0690,2,0
2014/05/22 16:07:10.0461,0,0
2014/05/22 16:07:11.0461,0,0
2014/05/22 16:07:12.0461,2,2
2014/05/22 16:07:13.0462,2,0
2014/05/22 16:07:51.0950,0,0
2014/05/22 16:07:52.0950,0,0
2014/05/22 16:07:53.0951,2,2
2014/05/22 16:07:54.0951,2,0
2014/05/22 16:09:20.0565,0,0
2014/05/22 16:09:21.0565,0,0
2014/05/22 16:09:22.0566,2,2
2014/05/22 16:10:34.0511,0,0
2014/05/22 16:10:35.0511,0,0
2014/05/22 16:10:36.0511,2,2
2014/05/22 16:10:37.0512,2,0
2014/05/22 16:10:38.0513,2,0
2014/05/22 16:14:25.0265,0,0
2014/05/22 16:14:26.0266,2,2
2014/05/22 16:14:27.0266,2,0
2014/05/22 16:14:28.0266,2,0
2014/05/22 16:15:02.0483,0,0
2014/05/22 16:15:03.0483,2,2
2014/05/22 16:15:04.0483,2,0
2014/05/22 16:15:05.0483,2,0
2014/05/22 16:21:57.0774,0,0
2014/05/22 16:21:58.0774,2,2
2014/05/22 16:21:59.0774,2,0
2014/05/22 16:23:16.0700,0,0
2014/05/22 16:23:17.0700,0,0
2014/05/22 16:23:18.0701,0,0
2014/05/22 16:23:47.0863,0,0
2014/05/22 16:23:48.0863,0,0
2014/05/22 16:23:49.0864,0,0
2014/05/22 16:23:50.0864,0,0
2014/05/22 16:23:51.0864,0,0
2014/05/22 16:23:52.0865,0,0
2014/05/22 16:23:53.0865,0,0
2014/05/22 16:23:54.0865,0,0
2014/05/22 16:23:55.0866,0,0
2014/05/22 16:23:56.0866,0,0
2014/05/22 16:23:57.0866,0,0
2014/05/22 16:23:58.0867,0,0
2014/05/22 16:23:59.0867,0,0
2014/05/22 16:24:00.0868,0,0
2014/05/22 16:24:01.0868,1,1
2014/05/22 16:24:02.0869,1,0
2014/05/22 16:24:03.0870,1,0
2014/05/22 16:24:04.0870,1,0
2014/05/22 16:24:05.0871,1,0
2014/05/22 16:24:06.0871,1,0
2014/05/22 16:24:07.0871,1,0
2014/05/22 16:24:08.0872,1,0
2014/05/22 16:24:09.0872,1,0
2014/05/22 16:24:10.0872,1,0
2014/05/22 16:24:11.0872,1,0
2014/05/22 16:24:12.0873,1,0
2014/05/22 16:24:13.0873,1,0
2014/05/22 16:24:14.0873,1,0
2014/05/22 16:24:15.0874,1,0
2014/05/22 16:24:16.0874,1,0
2014/05/22 16:24:17.0874,1,0
2014/05/22 16:24:18.0875,1,0
2014/05/22 16:24:19.0875,1,0
2014/05/22 16:24:20.0875,1,0
2014/05/22 16:24:21.0876,1,0
2014/05/22 16:24:22.0876,1,0
2014/05/22 16:24:23.0876,1,0
2014/05/22 16:24:24.0876,1,0
2014/05/22 16:24:25.0877,1,0
2014/05/22 16:24:26.0877,1,0
2014/05/22 16:24:27.0877,1,0
2014/05/22 16:24:28.0877,1,0
2014/05/22 16:24:29.0878,1,0
2014/05/22 16:24:30.0878,1,0
2014/05/22 16:24:31.0878,1,0
2014/05/22 16:24:32.0879,1,0
2014/05/22 16:24:33.0879,1,0
2014/05/22 16:24:34.0880,1,0
2014/05/22 16:24:35.0880,1,0
2014/05/22 16:24:36.0880,1,0
2014/05/22 16:24:37.0880,1,0
2014/05/22 16:24:38.0881,1,0
2014/05/22 16:24:39.0881,1,0
2014/05/22 16:24:40.0882,1,0
2014/05/22 16:24:41.0882,1,0
2014/05/22 16:24:42.0882,1,0
2014/05/22 16:24:43.0883,1,0
2014/05/22 16:24:44.0883,1,0
2014/05/22 16:24:45.0883,1,0
2014/05/22 16:24:46.0883,1,0
2014/05/22 16:24:47.0884,1,0
2014/05/22 16:24:48.0884,1,0
2014/05/22 16:24:49.0885,1,0
2014/05/22 16:24:50.0885,1,0
2014/05/22 16:24:51.0885,1,0
2014/05/22 16:24:52.0886,1,0
2014/05/22 16:24:53.0886,1,0
2014/05/22 16:24:54.0886,1,0
2014/05/22 16:24:55.0887,1,0
2014/05/22 16:24:56.0887,1,0
2014/05/22 16:24:57.0887,1,0
2014/05/22 16:24:58.0888,1,0
2014/05/22 16:24:59.0889,1,0
2014/05/22 16:25:00.0889,1,0
2014/05/22 16:25:01.0889,1,0
2014/05/22 16:25:02.0890,1,0
2014/05/22 16:25:03.0890,1,0
2014/05/22 16:25:04.0890,1,0
2014/05/22 16:25:05.0891,1,0
2014/05/22 16:25:06.0891,1,0
2014/05/22 16:25:07.0892,1,0
2014/05/22 16:25:08.0892,1,0
2014/05/22 16:25:09.0892,1,0
2014/05/22 16:25:10.0893,1,0
2014/05/22 16:25:11.0893,1,0
2014/05/22 16:25:12.0893,1,0
2014/05/22 16:25:13.0894,1,0
2014/05/22 16:25:14.0895,1,0
2014/05/22 16:25:15.0895,1,0
2014/05/22 16:25:16.0895,1,0
2014/05/22 16:25:17.0895,1,0
2014/05/22 16:25:18.0896,1,0
2014/05/22 16:25:19.0896,1,0
2014/05/22 16:25:20.0896,1,0
2014/05/22 16:25:21.0897,1,0
2014/05/22 16:25:22.0897,1,0
2014/05/22 16:25:23.0897,1,0
2014/05/22 16:25:24.0897,1,0
2014/05/22 16:25:25.0898,1,0
2014/05/22 16:25:26.0898,1,0
2014/05/22 16:25:27.0898,1,0
2014/05/22 16:25:28.0898,1,0
2014/05/22 16:25:29.0899,1,0
2014/05/22 16:25:30.0900,1,0
2014/05/22 16:25:31.0900,1,0
2014/05/22 16:25:32.0900,1,0
2014/05/22 16:25:34.0672,0,0
2014/05/22 16:25:35.0672,0,0
2014/05/22 16:25:36.0672,0,0
2014/05/22 16:25:37.0672,0,0
2014/05/22 16:25:38.0673,0,0
2014/05/22 16:25:39.0673,0,0
2014/05/22 16:25:40.0673,0,0
2014/05/22 16:25:41.0674,0,0
2014/05/22 16:25:42.0674,0,0
2014/05/22 16:25:43.0674,0,0
2014/05/22 16:25:44.0675,0,0
2014/05/22 16:25:45.0675,0,0
2014/05/22 16:25:46.0675,0,0
2014/05/22 16:25:47.0676,0,0
2014/05/22 16:25:48.0676,0,0
2014/05/22 16:25:49.0676,0,0
2014/05/22 16:25:50.0677,0,0
2014/05/22 16:25:51.0677,0,0
2014/05/22 16:25:52.0677,0,0
2014/05/22 16:25:53.0678,0,0
2014/05/22 16:25:54.0678,0,0
2014/05/22 16:25:55.0678,0,0
2014/05/22 16:25:56.0679,0,0
2014/05/22 16:25:57.0679,0,0
2014/05/22 16:25:58.0679,0,0
2014/05/22 16:25:59.0680,0,0
2014/05/22 16:26:00.0680,0,0
2014/05/22 16:26:01.0681,0,0
2014/05/22 16:26:02.0681,0,0
2014/05/22 16:26:03.0681,0,0
2014/05/22 16:26:04.0681,0,0
2014/05/22 16:26:05.0682,0,0
2014/05/22 16:26:06.0683,0,0
2014/05/22 16:26:07.0683,0,0
2014/05/22 16:26:08.0683,0,0
2014/05/22 16:26:09.0683,0,0
2014/05/22 16:26:10.0684,0,0
2014/05/22 16:26:11.0684,0,0
2014/05/22 16:26:12.0685,0,0
2014/05/22 16:26:13.0685,0,0
2014/05/22 16:26:14.0685,0,0
2014/05/22 16:26:15.0685,0,0
2014/05/22 16:26:16.0686,0,0
2014/05/22 16:26:17.0686,0,0
2014/05/22 16:26:18.0686,0,0
2014/05/22 16:26:19.0686,0,0
2014/05/22 16:26:20.0687,0,0
2014/05/22 16:26:21.0688,0,0
2014/05/22 16:26:22.0688,0,0
2014/05/22 16:26:23.0688,0,0
2014/05/22 16:26:24.0689,0,0
2014/05/22 16:26:25.0689,0,0
2014/05/22 16:26:26.0690,0,0
2014/05/22 16:26:27.0690,0,0
2014/05/22 16:26:28.0690,0,0
2014/05/22 16:26:29.0691,0,0
2014/05/22 16:26:30.0691,0,0
2014/05/22 16:26:31.0691,0,0
2014/05/22 16:26:32.0692,0,0
2014/05/22 16:26:33.0692,0,0
2014/05/22 16:26:34.0692,0,0
2014/05/22 16:26:35.0693,2,2
2014/05/22 16:26:36.0693,2,0
2014/05/22 16:26:37.0693,2,0
2014/05/22 16:28:31.0606,0,0
2014/05/22 16:28:32.0606,0,0
2014/05/22 16:28:33.0607,0,0
2014/05/22 16:28:34.0607,0,0
2014/05/22 16:28:35.0607,0,0
2014/05/22 16:28:36.0607,0,0
2014/05/22 16:28:37.0607,0,0
2014/05/22 16:28:38.0608,0,0
2014/05/22 16:28:39.0608,0,0
2014/05/22 16:28:40.0608,1,1
2014/05/22 16:28:41.0609,2,1
2014/05/22 16:28:42.0610,3,1
2014/05/22 16:28:43.0611,4,1
2014/05/22 16:28:44.0612,5,1
2014/05/22 16:28:45.0612,6,1
2014/05/22 16:28:46.0613,7,1
2014/05/22 16:28:47.0613,8,1
2014/05/22 16:28:48.0614,9,1
2014/05/22 16:28:49.0615,10,1
2014/05/22 16:28:50.0616,11,1
2014/05/22 16:28:51.0617,12,1
2014/05/22 16:28:52.0618,13,1
2014/05/22 16:28:53.0618,14,1
2014/05/22 16:28:54.0619,15,1
2014/05/22 16:28:55.0619,16,1
2014/05/22 16:28:56.0620,17,1
2014/05/22 16:28:57.0621,18,1
2014/05/22 16:28:58.0622,19,1
2014/05/22 16:28:59.0622,20,1
2014/05/22 16:29:00.0623,21,1
2014/05/22 16:29:01.0623,22,1
2014/05/22 16:29:02.0624,23,1
2014/05/22 16:29:03.0625,24,1
2014/05/22 16:29:04.0626,25,1
2014/05/22 16:29:05.0627,26,1
2014/05/22 16:29:06.0629,27,1
2014/05/22 16:29:07.0629,28,1
2014/05/22 16:29:08.0630,29,1
2014/05/22 16:29:09.0631,30,1
2014/05/22 16:29:10.0631,31,1
2014/05/22 16:29:11.0632,32,1
2014/05/22 16:29:12.0633,33,1
2014/05/22 16:29:13.0633,34,1
2014/05/22 16:29:14.0634,35,1
2014/05/22 16:29:15.0635,36,1
2014/05/22 16:29:16.0636,37,1
2014/05/22 16:29:17.0637,38,1
2014/05/22 16:29:18.0638,39,1
2014/05/22 16:29:19.0639,40,1
2014/05/22 16:29:20.0640,41,1
2014/05/22 16:29:21.0641,42,1
2014/05/22 16:29:35.0973,0,0
2014/05/22 16:29:36.0973,0,0
2014/05/22 16:29:37.0974,0,0
2014/05/22 16:29:38.0974,0,0
2014/05/22 16:29:39.0974,0,0
2014/05/22 16:29:40.0975,1,1
2014/05/22 16:29:41.0975,4,3
2014/05/22 16:29:42.0975,7,3
2014/05/22 16:29:43.0975,10,3
2014/05/22 16:29:44.0976,11,1
2014/05/22 16:29:45.0976,12,1
2014/05/22 16:29:46.0976,13,1
2014/05/22 16:29:47.0977,14,1
2014/05/22 16:29:48.0977,15,1
2014/05/22 16:29:49.0977,16,1
2014/05/22 16:29:50.0978,17,1
2014/05/22 16:29:51.0978,18,1
2014/05/22 16:29:52.0978,19,1
2014/05/22 16:29:53.0979,20,1
2014/05/22 16:29:54.0979,21,1
2014/05/22 16:29:55.0979,22,1
2014/05/22 16:29:56.0980,23,1
2014/05/22 16:29:57.0980,24,1
2014/05/22 16:29:58.0981,25,1
2014/05/22 16:29:59.0981,26,1
2014/05/22 16:30:00.0981,27,1
2014/05/22 16:30:01.0982,28,1
2014/05/22 16:30:02.0982,29,1
2014/05/22 16:30:03.0982,30,1
2014/05/22 16:30:04.0983,31,1
2014/05/22 16:30:05.0983,32,1
2014/05/22 16:32:02.0961,0,0
2014/05/22 16:32:03.0962,0,0
2014/05/22 16:32:04.0962,0,0
2014/05/22 16:32:05.0963,0,0
2014/05/22 16:32:06.0963,0,0
2014/05/22 16:32:07.0963,0,0
2014/05/22 16:32:08.0964,0,0
2014/05/22 16:32:09.0964,0,0
2014/05/22 16:32:10.0964,1,1
2014/05/22 16:32:11.0965,2,1
2014/05/22 16:32:12.0965,3,1
2014/05/22 16:32:13.0965,4,1
2014/05/22 16:34:42.0178,0,0
2014/05/22 16:34:43.0178,0,0
2014/05/22 16:34:44.0178,0,0
2014/05/22 16:34:45.0179,0,0
2014/05/22 16:34:46.0179,0,0
2014/05/22 16:34:47.0179,0,0
2014/05/22 16:34:48.0180,0,0
2014/05/22 16:34:49.0180,0,0
2014/05/22 16:34:50.0180,2,2
2014/05/22 16:34:51.0180,2,0
2014/05/22 16:34:52.0181,2,0
2014/05/22 16:34:53.0181,2,0
2014/05/22 16:34:54.0181,2,0
2014/05/22 16:34:55.0181,2,0
2014/05/22 16:34:56.0182,2,0
2014/05/22 16:34:57.0182,2,0
2014/05/22 16:49:28.0815,0,0
2014/05/22 16:49:29.0815,0,0
2014/05/22 16:49:30.0815,0,0
2014/05/22 16:49:31.0816,0,0
2014/05/22 16:49:32.0816,0,0
2014/05/22 16:49:33.0816,0,0
2014/05/22 16:49:34.0817,0,0
2014/05/22 16:49:35.0817,1,1
2014/05/22 16:49:36.0817,1,0
2014/05/22 16:49:37.0817,1,0
2014/05/22 16:49:38.0818,1,0
2014/05/22 16:49:39.0818,1,0
2014/05/22 16:49:40.0818,1,0
2014/05/22 16:49:41.0818,1,0
2014/05/22 16:49:42.0819,1,0
2014/05/22 16:49:43.0819,1,0
2014/05/22 16:49:44.0819,1,0
2014/05/22 16:49:45.0819,1,0
2014/05/22 16:49:46.0819,1,0
2014/05/22 16:49:47.0820,1,0
2014/05/22 16:49:48.0820,1,0
2014/05/22 16:49:49.0820,1,0
2014/05/22 16:49:50.0820,1,0
2014/05/22 16:49:51.0821,1,0
2014/05/22 16:54:33.0541,0,0
2014/05/22 16:54:34.0542,0,0
2014/05/22 16:54:35.0542,0,0
2014/05/22 16:54:36.0542,0,0
2014/05/22 16:54:37.0543,0,0
2014/05/22 16:54:38.0543,1,1
2014/05/22 16:54:39.0543,4,3
2014/05/22 16:54:40.0543,4,0
2014/05/22 16:54:41.0543,4,0
2014/05/22 16:54:42.0544,4,0
2014/05/22 16:54:43.0544,4,0
2014/05/22 16:54:44.0544,4,0
2014/05/22 16:55:30.0695,0,0
2014/05/22 16:55:31.0695,0,0
2014/05/22 16:55:32.0695,0,0
2014/05/22 16:55:33.0695,0,0
2014/05/22 16:55:34.0696,1,1
2014/05/22 16:55:35.0696,2,1
2014/05/22 16:55:36.0696,5,3
2014/05/22 16:55:37.0696,5,0
2014/05/22 16:55:44.0539,0,0
2014/05/22 16:55:45.0539,0,0
2014/05/22 16:55:46.0539,0,0
2014/05/22 16:55:47.0539,0,0
2014/05/22 16:55:48.0540,0,0
2014/05/22 16:55:49.0540,0,0
2014/05/22 16:55:50.0540,0,0
2014/05/22 16:55:51.0541,0,0
2014/05/22 16:55:52.0541,0,0
2014/05/22 16:55:53.0541,0,0
2014/05/22 16:55:54.0542,0,0
2014/05/22 16:55:55.0542,0,0
2014/05/22 16:55:56.0542,0,0
2014/05/22 16:55:57.0543,0,0
2014/05/22 16:55:58.0543,1,1
2014/05/22 16:55:59.0543,2,1
2014/05/22 16:56:00.0543,3,1
2014/05/22 16:56:01.0544,4,1
2014/05/22 16:56:02.0544,5,1
2014/05/22 16:56:03.0544,6,1
2014/05/22 16:56:04.0544,7,1
2014/05/22 16:56:05.0545,8,1
2014/05/22 16:56:06.0545,9,1
2014/05/22 16:56:07.0545,10,1
2014/05/22 16:56:08.0545,11,1
2014/05/22 16:56:09.0545,12,1
2014/05/22 16:56:10.0546,13,1
2014/05/22 16:56:11.0546,14,1
2014/05/22 16:56:12.0546,15,1
2014/05/22 16:56:13.0546,16,1
2014/05/22 16:56:14.0547,17,1
2014/05/22 16:56:15.0547,18,1
2014/05/22 16:56:16.0547,19,1
2014/05/22 16:56:17.0547,20,1
2014/05/22 16:57:16.0436,0,0
2014/05/22 16:57:17.0436,0,0
2014/05/22 16:57:18.0437,0,0
2014/05/22 16:57:19.0437,0,0
2014/05/22 16:57:20.0438,1,1
2014/05/22 16:57:32.0925,0,0
2014/05/22 16:57:33.0925,0,0
2014/05/22 16:57:34.0926,0,0
2014/05/22 16:57:35.0926,0,0
2014/05/22 16:57:36.0926,1,1
2014/05/22 16:57:37.0926,2,1
2014/05/22 16:57:38.0927,3,1
2014/05/22 16:57:39.0927,4,1
2014/05/22 16:57:40.0927,5,1
2014/05/22 16:57:41.0928,6,1
2014/05/22 16:57:42.0928,7,1
2014/05/22 16:57:43.0928,8,1
2014/05/22 16:57:44.0929,9,1
2014/05/22 16:58:05.0517,0,0
2014/05/22 16:58:06.0517,0,0
2014/05/22 16:58:07.0517,0,0
2014/05/22 16:58:08.0517,1,1
2014/05/22 16:58:09.0518,2,1
2014/05/22 16:58:10.0518,3,1
2014/05/22 16:58:11.0518,4,1
2014/05/22 16:58:51.0317,0,0
2014/05/22 16:58:52.0317,0,0
2014/05/22 16:58:53.0317,0,0
2014/05/22 16:58:54.0317,0,0
2014/05/22 16:58:55.0318,0,0
2014/05/22 16:58:56.0319,1,1
2014/05/22 16:58:57.0319,1,0
2014/05/22 16:59:52.0062,0,0
2014/05/22 16:59:53.0062,0,0
2014/05/22 16:59:54.0062,0,0
2014/05/22 16:59:55.0062,0,0
2014/05/22 16:59:56.0062,1,1
2014/05/22 16:59:57.0063,1,0
2014/05/22 17:45:46.0569,0,0
2014/05/22 17:45:47.0569,0,0
2014/05/22 17:45:48.0570,0,0
2014/05/22 17:45:49.0570,0,0
2014/05/22 17:45:50.0570,1,1
2014/05/22 17:45:51.0571,2,1
2014/05/22 17:45:52.0571,5,3
2014/05/22 17:45:53.0571,8,3
2014/05/22 17:45:54.0571,11,3
2014/05/22 17:45:55.0571,12,1
2014/05/22 17:45:56.0572,13,1
2014/05/22 17:45:57.0572,14,1
2014/05/22 17:49:59.0595,0,0
2014/05/22 17:50:00.0595,0,0
2014/05/22 17:50:01.0595,0,0
2014/05/22 17:50:02.0595,0,0
2014/05/22 17:50:03.0596,0,0
2014/05/22 17:50:04.0596,1,1
2014/05/22 17:50:05.0596,4,3
2014/05/22 17:50:06.0597,7,3
2014/05/22 17:50:07.0597,10,3
2014/05/22 17:50:08.0597,11,1
2014/05/22 17:50:09.0597,12,1
2014/05/22 17:50:10.0597,13,1
2014/05/22 17:50:11.0598,14,1
2014/05/22 17:50:12.0598,15,1
2014/05/22 17:50:13.0598,16,1
2014/05/22 17:50:14.0598,17,1
2014/05/22 17:50:15.0599,18,1
2014/05/22 17:50:16.0599,19,1
2014/05/22 17:50:17.0599,20,1
2014/05/22 17:50:18.0599,21,1
2014/05/22 17:50:19.0599,22,1
2014/05/22 17:50:20.0600,23,1
2014/05/22 17:50:21.0600,24,1
2014/05/22 17:50:22.0600,25,1
2014/05/22 17:50:23.0600,26,1
2014/05/22 17:50:24.0601,27,1
2014/05/22 17:50:25.0601,28,1
2014/05/22 17:50:26.0601,29,1
2014/05/22 17:50:27.0601,30,1
2014/05/22 17:50:28.0602,31,1
2014/05/22 17:50:29.0602,32,1
2014/05/22 17:50:30.0602,33,1
2014/05/22 17:50:31.0602,35,2
2014/05/22 17:50:32.0603,35,0
2014/05/22 17:50:33.0603,35,0
2014/05/22 17:50:34.0603,35,0
2014/05/22 17:50:35.0603,35,0
2014/05/22 17:50:36.0604,35,0
2014/05/22 17:50:37.0604,35,0
2014/05/22 17:50:38.0604,35,0
2014/05/22 17:50:39.0604,35,0
2014/05/22 17:50:40.0605,35,0
2014/05/22 17:50:41.0605,35,0
2014/05/22 17:50:42.0605,35,0
2014/05/22 17:50:43.0605,35,0
2014/05/22 17:50:44.0606,35,0
2014/05/22 17:50:45.0606,35,0
2014/05/22 17:50:46.0606,35,0
2014/05/22 17:50:47.0606,35,0
2014/05/22 17:50:48.0606,35,0
2014/05/22 17:50:49.0607,35,0
2014/05/22 17:50:50.0607,35,0
2014/05/22 17:50:51.0607,35,0
2014/05/22 17:50:52.0607,35,0
2014/05/22 17:50:53.0607,35,0
2014/05/22 17:50:54.0608,35,0
2014/05/22 17:50:55.0608,35,0
2014/05/22 17:50:56.0608,35,0
2014/05/22 17:50:57.0608,35,0
2014/05/22 17:50:58.0609,35,0
2014/05/22 17:50:59.0609,35,0
2014/05/22 17:51:00.0609,35,0
2014/05/22 17:51:01.0609,35,0
2014/05/22 17:51:02.0609,35,0
2014/05/22 17:51:03.0609,35,0
2014/05/22 17:51:04.0610,35,0
2014/05/22 17:51:05.0610,35,0
2014/05/22 17:51:06.0610,35,0
2014/05/22 17:51:07.0610,35,0
2014/05/22 17:51:08.0610,35,0
2014/05/22 17:51:09.0611,35,0
2014/05/22 17:51:10.0611,35,0
2014/05/22 17:51:11.0611,35,0
2014/05/22 17:51:12.0611,35,0
2014/05/22 17:51:13.0612,35,0
2014/05/22 17:51:14.0612,35,0
2014/05/22 17:51:15.0612,35,0
2014/05/22 17:51:16.0612,35,0
2014/05/22 17:51:17.0613,35,0
2014/05/22 17:51:18.0613,35,0
2014/05/22 17:51:19.0613,35,0
2014/05/22 17:51:20.0613,35,0
2014/05/22 17:51:21.0614,35,0
2014/05/22 17:51:22.0614,35,0
2014/05/22 17:51:23.0614,35,0
2014/05/22 17:51:24.0615,35,0
2014/05/22 17:51:25.0615,35,0
2014/05/22 17:51:26.0615,35,0
2014/05/22 17:51:27.0615,35,0
2014/05/22 17:51:28.0615,35,0
2014/05/22 17:51:29.0615,35,0
2014/05/22 17:51:30.0616,35,0
2014/05/22 17:51:31.0616,35,0
2014/05/22 17:51:32.0616,35,0
2014/05/22 17:51:33.0616,35,0
2014/05/22 17:51:34.0617,35,0
2014/05/22 17:51:35.0617,35,0
2014/05/22 17:51:36.0617,35,0
2014/05/22 17:51:37.0617,35,0
2014/05/22 17:51:38.0618,35,0
2014/05/22 17:51:39.0618,35,0
2014/05/22 17:51:40.0618,35,0
2014/05/22 17:51:41.0618,35,0
2014/05/22 17:51:42.0619,35,0
2014/05/22 17:51:43.0619,35,0
2014/05/22 17:51:44.0619,35,0
2014/05/22 17:51:45.0619,35,0
2014/05/22 17:51:46.0620,35,0
2014/05/22 17:51:47.0620,35,0
2014/05/22 17:51:48.0620,35,0
2014/05/22 17:51:49.0620,35,0
2014/05/22 17:51:50.0621,35,0
2014/05/22 17:51:51.0621,35,0
2014/05/22 17:51:52.0621,35,0
2014/05/22 17:51:53.0621,35,0
2014/05/22 17:51:54.0621,35,0
2014/05/22 17:51:55.0622,35,0
2014/05/22 17:51:56.0622,35,0
2014/05/22 17:51:57.0622,35,0
2014/05/22 17:51:58.0623,35,0
2014/05/22 17:51:59.0623,35,0
2014/05/22 17:52:00.0623,35,0
2014/05/22 17:52:01.0623,35,0
2014/05/22 17:52:02.0624,35,0
2014/05/22 17:52:03.0624,35,0
2014/05/22 17:52:04.0624,35,0
2014/05/22 17:52:05.0624,35,0
2014/05/22 17:52:06.0625,35,0
2014/05/22 17:52:07.0625,35,0
2014/05/22 17:52:08.0625,35,0
2014/05/22 17:52:09.0625,35,0
2014/05/22 17:52:10.0626,35,0
2014/05/22 17:52:11.0626,35,0
2014/05/22 17:52:12.0626,35,0
2014/05/22 17:52:13.0626,35,0
2014/05/22 17:52:14.0627,35,0
2014/05/22 17:52:15.0627,35,0
2014/05/22 17:52:16.0627,35,0
2014/05/22 17:52:17.0627,35,0
2014/05/22 17:52:18.0628,35,0
2014/05/22 17:52:19.0628,35,0
2014/05/22 17:52:20.0628,35,0
2014/05/22 17:52:21.0628,35,0
2014/05/22 17:52:22.0629,35,0
2014/05/22 17:52:23.0629,35,0
2014/05/22 17:52:24.0629,35,0
2014/05/22 17:52:25.0629,35,0
2014/05/22 17:52:26.0629,35,0
2014/05/22 17:52:27.0630,35,0
2014/05/22 17:52:28.0630,35,0
2014/05/22 17:52:29.0630,35,0
2014/05/22 17:52:30.0630,35,0
2014/05/22 17:52:31.0631,35,0
2014/05/22 17:52:32.0631,35,0
2014/05/22 17:52:33.0631,35,0
2014/05/22 17:52:34.0632,35,0
2014/05/22 17:52:35.0632,35,0
2014/05/22 17:52:36.0632,35,0
2014/05/22 17:52:37.0632,35,0
2014/05/22 17:52:38.0633,35,0
2014/05/22 17:52:39.0633,35,0
2014/05/22 17:52:40.0634,35,0
2014/05/22 17:52:41.0634,35,0
2014/05/22 17:52:42.0634,35,0
2014/05/22 17:52:43.0635,35,0
2014/05/22 17:52:44.0635,35,0
2014/05/22 17:52:45.0635,35,0
2014/05/22 17:52:46.0636,35,0
2014/05/22 17:52:47.0636,35,0
2014/05/22 17:52:48.0636,35,0
2014/05/22 17:52:49.0636,35,0
2014/05/22 17:52:50.0637,35,0
2014/05/22 17:52:51.0637,35,0
2014/05/22 17:52:52.0637,35,0
2014/05/22 17:52:53.0638,35,0
2014/05/22 17:52:54.0638,35,0
2014/05/22 17:52:55.0638,35,0
